prediction,id_col,date_col
0.0002661156458638506,ofsGS,1/1/2025
0.9999197457005744,qqIVy,1/1/2025
0.009520901567957945,qfBQR,1/1/2025
0.0018393273853269802,nYXTV,1/1/2025
0.00012402802989006233,QirOv,1/1/2025
0.28360521116605764,VWYGv,1/1/2025
0.9989511424083026,TaCFQ,1/1/2025
0.003886352812477812,DiFKy,1/1/2025
0.9996741577122443,ziErz,1/1/2025
0.9920321676791389,HnmvY,1/1/2025
0.9988958675240528,wsCkF,1/1/2025
0.9875046184308961,OlgeY,1/1/2025
0.00026422047794174544,QBhJk,1/1/2025
0.9924833967225354,HPjCJ,1/1/2025
0.9932934449682416,YrtuY,1/1/2025
0.00015146427730641887,bxMTU,1/1/2025
0.9589626402039234,kMZrN,1/1/2025
0.0014671271918495529,nxTOj,1/1/2025
0.0006620721804574062,joXeq,1/1/2025
0.0001770134638658117,atRpl,1/1/2025
0.00031155165473892413,rQNAf,1/1/2025
0.9911503498027012,WrsMN,1/1/2025
0.2025215275647415,rrNcm,1/1/2025
0.9882469101644182,YqrwK,1/1/2025
0.00021381871099485214,NZcis,1/1/2025
0.9990275992028766,ZLnGH,1/1/2025
0.006430775914414184,YQKRn,1/1/2025
0.9953380747344542,euGqY,1/1/2025
0.7601337707193713,jnHuE,1/1/2025
0.9998766495655892,oAMxt,1/1/2025
0.0028901409571737723,ennyp,1/1/2025
0.39696098314284056,AZpyT,1/1/2025
9.970355540941398e-05,aAoXL,1/1/2025
0.04286677814326916,zwxhZ,1/1/2025
0.9991411104377167,NCfxy,1/1/2025
0.0058101226873887545,BoCat,1/1/2025
9.739313154433061e-05,jISEs,1/1/2025
0.00010995078669912253,MhtgU,1/1/2025
0.9342067868566482,gColy,1/1/2025
0.7151020301266207,BDZgn,1/1/2025
0.9997828539206949,tmJNH,1/1/2025
0.0004177484359705389,kVXYr,1/1/2025
0.11244536484498435,qTcnb,1/1/2025
0.067833248888916,xMDGS,1/1/2025
0.0003941667597298457,Lvcki,1/1/2025
0.22049964318534976,MveLY,1/1/2025
0.9984167338187503,ybHIU,1/1/2025
0.2748769803052888,uulhS,1/1/2025
0.0021736028060507393,SvqGt,1/1/2025
0.9967435487463574,GjLKd,1/1/2025
0.8753719464811235,WrUQU,1/1/2025
0.0008888647067764254,yaSUR,1/1/2025
0.0007858168468593775,iOSBv,1/1/2025
0.0003776043614132121,iKYYI,1/1/2025
0.9994063296023856,gDgmE,1/1/2025
0.00015047702766913005,KIZYt,1/1/2025
0.010702922175464256,BxQVR,1/1/2025
0.9998366168544139,zUmrR,1/1/2025
0.9998440468517577,YrzZl,1/1/2025
0.9993687459323911,tUcVb,1/1/2025
0.006040686495063925,rHqfo,1/1/2025
0.999803338509974,RWoxG,1/1/2025
0.9971242890999533,BldhE,1/1/2025
0.0003977799440623057,oOWiN,1/1/2025
0.5626829973358289,IsiMy,1/1/2025
0.0014748426274753704,dOtcP,1/1/2025
0.9976129337349485,uYQrY,1/1/2025
0.9992607101801527,LleUG,1/1/2025
0.8401636649808079,ioAor,1/1/2025
0.006793541734057911,ZiUBx,1/1/2025
0.999864825307145,DyLOQ,1/1/2025
0.0032494956457314946,GetUB,1/1/2025
0.9955286578830155,RAnTE,1/1/2025
0.35822852093499374,PCxOK,1/1/2025
0.0008749148174469622,ZAzfX,1/1/2025
0.925783107038625,jkeeo,1/1/2025
0.9878429349357984,xiWTj,1/1/2025
0.9559930991617888,aJCdk,1/1/2025
4.086598152998804e-05,sQySh,1/1/2025
6.711434114170426e-05,cjUZh,1/1/2025
0.032333765862822425,ALUCP,1/1/2025
0.08653712683720904,FAKud,1/1/2025
0.004920887848002598,iEMKu,1/1/2025
0.2770874413098543,xstTQ,1/1/2025
0.9957633270906687,UWoRt,1/1/2025
0.9987288779175675,ktavj,1/1/2025
0.9993745574778895,oWUTB,1/1/2025
0.06594679422414912,eYcET,1/1/2025
0.020233335065438625,qfDcj,1/1/2025
0.002282848907992515,ATBfU,1/1/2025
0.968019357004301,LsQkQ,1/1/2025
0.9983946505994818,GCuoM,1/1/2025
0.9996834855244586,AlXAX,1/1/2025
0.010207284725374063,hwmgz,1/1/2025
0.9999346289122958,yxOwm,1/1/2025
0.0002586354612336754,cayqw,1/1/2025
0.9906764356720996,WrvMk,1/1/2025
0.9988677298279465,xrbjf,1/1/2025
0.9657358396059268,RApfG,1/1/2025
0.030049846571445223,qiiCj,1/1/2025
0.9984492902843412,laZnw,1/1/2025
0.9996653093379665,leXub,1/1/2025
0.009912801299142909,IjrGC,1/1/2025
0.9997184478058261,jrvrg,1/1/2025
0.002456301722657446,pzlPY,1/1/2025
0.0003367544895877911,MAOpB,1/1/2025
0.0003589319499676229,xPPcl,1/1/2025
0.0005588274238087323,gqmOu,1/1/2025
0.9967247291678415,yjDIu,1/1/2025
0.9836994465261267,QBYyj,1/1/2025
0.2105222765428863,ceoOy,1/1/2025
0.999086530062159,lHAmw,1/1/2025
0.977656190490142,AMDOV,1/1/2025
0.9946669739191399,YeaWg,1/1/2025
0.0007962459551753406,qNQVh,1/1/2025
0.9999526343623278,TLTxD,1/1/2025
0.0023211644456357762,qdLLw,1/1/2025
9.350458874026085e-05,xGwyb,1/1/2025
0.9961057174016895,XbbiH,1/1/2025
0.9918985665844073,dUkde,1/1/2025
0.7097886226999549,QOsSw,1/1/2025
0.8574631110495972,hTGga,1/1/2025
0.9999292047772338,xOdxW,1/1/2025
0.0005004186095654274,qsBDC,1/1/2025
0.9986834494105945,HEoFi,1/1/2025
0.005502005943207806,wruoX,1/1/2025
0.1408568438185806,qxfDo,1/1/2025
0.9574678188366691,caCgv,1/1/2025
0.0024982937984585683,cvKaw,1/1/2025
0.9730916640396676,CGLsb,1/1/2025
0.9901512919154176,fnzpY,1/1/2025
0.0005542098193888356,gaEaf,1/1/2025
0.011262062476653147,hgxZX,1/1/2025
0.0029945591648858857,kbHhM,1/1/2025
0.9894256310648071,xnPBS,1/1/2025
0.0006077530031869949,IIMHu,1/1/2025
0.12360418383737633,RfBSx,1/1/2025
0.0002984862961273509,ZrCEU,1/1/2025
0.0006947653786290513,mzuRU,1/1/2025
7.348811135113117e-05,zKoRZ,1/1/2025
0.11136173916289045,WKeSx,1/1/2025
0.9269973576390543,sQwfK,1/1/2025
0.9999566957485091,cxlYs,1/1/2025
0.0010734153412692011,gKqHW,1/1/2025
0.999852296445704,QJdMF,1/1/2025
0.9737721505926331,AKawt,1/1/2025
0.9906540902747375,GneeZ,1/1/2025
0.015433403768522933,FEiXa,1/1/2025
0.9987114655372082,GfIBF,1/1/2025
0.999906170863778,PEVWg,1/1/2025
0.09553630078049705,SLcxZ,1/1/2025
0.999938440765611,VVpEH,1/1/2025
0.02298903057040636,hrjpy,1/1/2025
0.0010168389999740406,AVJYP,1/1/2025
0.9846271791613047,PcmNK,1/1/2025
0.0030775690039864106,kqWmd,1/1/2025
0.0005017774814899325,PIPOk,1/1/2025
0.04220297836460696,btrsG,1/1/2025
6.5669850584485e-05,eHuhM,1/1/2025
0.9996405514999277,emcAK,1/1/2025
0.09360731300804749,EBHnY,1/1/2025
0.9973318571601095,ZtHGN,1/1/2025
0.18207644446478086,UozdZ,1/1/2025
0.9994517878500428,EOEFZ,1/1/2025
0.30537617816583723,qegks,1/1/2025
0.9890695125509485,bgqAj,1/1/2025
0.004845570905795944,GPtyV,1/1/2025
0.011198205953425773,BGBYC,1/1/2025
0.9982253160601844,FuSwb,1/1/2025
0.0006389628647518851,rQHYZ,1/1/2025
0.12181064120312142,JUySU,1/1/2025
0.9979484747505379,dBDXs,1/1/2025
0.006317377858664742,ZRBzk,1/1/2025
0.9922802399286066,wKvij,1/1/2025
0.00047161959564374244,DmeNu,1/1/2025
0.01232566469057317,VOTat,1/1/2025
0.0007443662330025384,nUrca,1/1/2025
0.0016198998516530085,oeFgo,1/1/2025
0.0037832215815421888,RBHQY,1/1/2025
0.9953041733280571,GhzaG,1/1/2025
0.06480852215070351,UDcNB,1/1/2025
0.7330077998231742,VKBFj,1/1/2025
0.0031978842489869598,XuNGE,1/1/2025
0.999605702257028,eFWub,1/1/2025
0.9915196719028401,HHbIV,1/1/2025
0.0064184997442610775,qUhct,1/1/2025
0.9946068350204308,zDpRl,1/1/2025
0.06822927375450966,tTGXT,1/1/2025
0.01515362178041284,PYKDD,1/1/2025
0.00027893837877790537,UnXTu,1/1/2025
0.9946418312634272,cFqTM,1/1/2025
0.029469859054914196,qrqlV,1/1/2025
0.0030901127702345284,pezrr,1/1/2025
0.9935323618511459,sMfAN,1/1/2025
0.0006313247891132213,ZTOpM,1/1/2025
0.9996149122898856,tYqhB,1/1/2025
0.9960272065587368,nWqwI,1/1/2025
0.9999417836140493,bZExm,1/1/2025
0.00034857792904464913,iefKK,1/1/2025
0.9981896717598271,wDYSv,1/1/2025
0.012322337069208324,vyWjk,1/1/2025
0.9999104123887211,mvuNh,1/1/2025
0.003005181384816597,klfgY,1/1/2025
0.004615426308872172,CVJVh,1/1/2025
0.9365058553027401,sNQjn,1/1/2025
0.9801604291634644,pdAYx,1/1/2025
0.004298525344425839,OZsxF,1/1/2025
0.9989864358629547,prQdG,1/1/2025
0.9987364262898841,pCXpC,1/1/2025
0.34867617378548277,YpMFG,1/1/2025
0.0001478232601808465,QsBJL,1/1/2025
0.9997707708407176,NeCtj,1/1/2025
0.9985784599987445,TUxhB,1/1/2025
0.02039195616590836,EBHCE,1/1/2025
0.9998890625689492,fudid,1/1/2025
0.9921863904551856,jwBfs,1/1/2025
0.5169567922109994,ppuTJ,1/1/2025
0.9993475333687908,uKnYv,1/1/2025
0.002266156985736214,Ebphu,1/1/2025
0.006319854935246461,lAFne,1/1/2025
0.9983726208118473,bMzAk,1/1/2025
0.00023134198209534828,KbvNq,1/1/2025
0.9912398331675504,QKFIg,1/1/2025
0.008900151417059316,wWcWi,1/1/2025
0.9944099237551807,IdiyG,1/1/2025
0.005756208487847896,KTxCY,1/1/2025
0.9990983818803125,mzcWW,1/1/2025
0.029720941507875537,AxfEN,1/1/2025
0.9766841606697387,pRBzF,1/1/2025
0.752931535175051,FHMWF,1/1/2025
0.0004004517799826137,VeKNb,1/1/2025
0.007267673657636811,UWVtj,1/1/2025
0.17155218222229968,jwxqi,1/1/2025
0.9997343117029621,IXpjv,1/1/2025
0.008996232551681273,sUkjE,1/1/2025
0.0004964954166948885,gPhvC,1/1/2025
0.4411203441605987,oZfxd,1/1/2025
0.0707476904523193,pmDrn,1/1/2025
0.004155575631744582,AMjhx,1/1/2025
0.16620046067258998,JWaJb,1/1/2025
0.9995521260947018,lxkqA,1/1/2025
0.9898187868329449,xtjKG,1/1/2025
0.0021147471286706234,pGmDY,1/1/2025
0.0052255214661578306,LsAdm,1/1/2025
0.001199438799221985,tnHxG,1/1/2025
0.0007464568948224621,vTBdz,1/1/2025
0.1685429219808714,EVFsG,1/1/2025
0.00014523375310314908,ekltE,1/1/2025
0.9783587861999256,rnyMN,1/1/2025
0.001889324104734819,pIkIE,1/1/2025
0.9990689849512495,AzXyy,1/1/2025
0.9992600801827194,vwXJt,1/1/2025
0.00633750407918951,FxcGE,1/1/2025
0.8860680278439478,EpumA,1/1/2025
0.9989238104252378,nypaQ,1/1/2025
0.018885574565719054,ymsjF,1/1/2025
0.21276293426388246,Ydqxh,1/1/2025
0.0017288362020440832,alDLh,1/1/2025
0.9991579131017803,uCvJR,1/1/2025
0.987487397691573,DgPeF,1/1/2025
0.12959461196329253,VwQYb,1/1/2025
0.9984865619297743,GgTEO,1/1/2025
0.999448724730307,mwhfD,1/1/2025
0.9991065057668566,lwRnP,1/1/2025
0.004715629306351393,DvScK,1/1/2025
0.0006191851555660966,owPFy,1/1/2025
0.011569303028463426,WTlVl,1/1/2025
0.99920122189698,VqHSp,1/1/2025
0.9965529001468482,tzjLj,1/1/2025
0.0011548649193061525,aPuNh,1/1/2025
0.0008521881686175737,hfJBn,1/1/2025
0.03360471634663434,rNoIu,1/1/2025
0.9867415121189281,FAULT,1/1/2025
0.2645710243552133,bgCLm,1/1/2025
0.9970211759501922,bPfvb,1/1/2025
0.0017115360231894975,lLZQk,1/1/2025
0.9984730196234731,ojVFa,1/1/2025
0.03560180532078627,ozLLi,1/1/2025
0.00176403442333701,oEfbt,1/1/2025
0.08726533140367825,pVDco,1/1/2025
0.15235868728273935,KHzPY,1/1/2025
0.999533237953882,VRxEZ,1/1/2025
0.007387632956103847,PYhbW,1/1/2025
0.9977455966434542,PJkNk,1/1/2025
0.9953901725908818,uvyjn,1/1/2025
0.9866926888025368,wJQXq,1/1/2025
0.28912013027393885,Svslj,1/1/2025
0.9971905821501641,maeYH,1/1/2025
0.0066726903280748115,DKNSq,1/1/2025
0.05222076241850972,GhgGn,1/1/2025
0.003562490002344415,ArBpQ,1/1/2025
0.00026486882978259254,pExgu,1/1/2025
0.07096163250375395,TbPfS,1/1/2025
0.9516266033240415,OjqoO,1/1/2025
0.014488774747260189,jtPyp,1/1/2025
0.0025609785657147947,DqRiq,1/1/2025
0.9971067124383958,WUfEj,1/1/2025
0.00039380285856489887,CqpXg,1/1/2025
0.9554222031900212,IqnFA,1/1/2025
0.3313866681591018,mrEXP,1/1/2025
0.297642057822053,eQKXp,1/1/2025
6.037509140120051e-05,BKRNn,1/1/2025
0.9995348647673521,YWVFj,1/1/2025
0.9924892903474033,zijaQ,1/1/2025
0.966178695569999,usORi,1/1/2025
0.9403428060232047,oRZXr,1/1/2025
0.9859315617735288,lNKuj,1/1/2025
0.03899977520355322,VvMfy,1/1/2025
0.0017787907374175454,Fpyeo,1/1/2025
0.9992695594606507,bdYct,1/1/2025
0.09728659539628877,vlzfD,1/1/2025
0.9981994453767619,Qeijp,1/1/2025
0.9384935699426752,nrLQm,1/1/2025
0.0002298224567777659,sggfH,1/1/2025
0.00010670270896889425,SvxTM,1/1/2025
0.003417457381460384,YsMdt,1/1/2025
0.0003327792083089276,fuSBx,1/1/2025
0.9983935738237651,SfFsP,1/1/2025
0.9999490483465399,toSKk,1/1/2025
0.9944159211114636,RPQuJ,1/1/2025
0.9998406293712642,kmCaO,1/1/2025
0.02242571626232745,QfpCz,1/1/2025
0.0008679172538475315,TPoPN,1/1/2025
0.0004500792391912684,VZAoa,1/1/2025
0.031536079939872945,YaoIj,1/1/2025
0.00014269592425150907,lOmKk,1/1/2025
0.9510186778401928,gslAM,1/1/2025
0.9978021385716432,DUZzG,1/1/2025
0.7967119225803598,UbheJ,1/1/2025
0.9961584913296233,hxRgW,1/1/2025
0.990658713749508,pljVT,1/1/2025
0.9117589148422901,jEzmk,1/1/2025
0.0002303742307958701,wjJCr,1/1/2025
0.3900404997275946,NFXcZ,1/1/2025
0.023449915679568768,twObv,1/1/2025
0.01648402547538558,SjwDd,1/1/2025
0.12424482942876555,hgapa,1/1/2025
7.774431409935784e-05,SrUHD,1/1/2025
0.2108099996214112,YROve,1/1/2025
0.9993846186317865,CGJHk,1/1/2025
0.9923819538751365,yQeSb,1/1/2025
0.0723070673390026,hIbtA,1/1/2025
0.999671077381228,XnMXs,1/1/2025
0.9998236901939176,uKENd,1/1/2025
0.00013289562938315365,XwymG,1/1/2025
0.997600551933629,lrVSm,1/1/2025
0.9937042908342693,gADMN,1/1/2025
0.43949585931453744,rzRQU,1/1/2025
0.4545712534937824,tBrpx,1/1/2025
6.728728260886996e-05,ZPiCv,1/1/2025
0.9999207313748151,NMXPn,1/1/2025
0.9859326917997581,YNXUd,1/1/2025
0.010261607770424145,ZFIJR,1/1/2025
0.9994560118615569,hLbBr,1/1/2025
0.00037843317495881053,FfZJA,1/1/2025
0.999156659057143,CXmbd,1/1/2025
0.9998287231640449,ZERMG,1/1/2025
0.9910338526901722,zZDvk,1/1/2025
0.004689786505623041,yprAW,1/1/2025
0.007491930093476673,PvDDQ,1/1/2025
0.9991863338530869,AJIBG,1/1/2025
0.001083818998778704,jDseD,1/1/2025
0.9538909452265572,SMuJg,1/1/2025
0.0002961430684595229,dseTb,1/1/2025
0.617464330142327,UWmDX,1/1/2025
0.003869638535335396,CRHoH,1/1/2025
0.9963677126973822,Wgolx,1/1/2025
0.9146516798140778,uaxZu,1/1/2025
0.04283695438071085,GUmYC,1/1/2025
0.5900298532885602,ZmCuV,1/1/2025
0.40722626032670023,XBdum,1/1/2025
0.00031990326409357943,qDeZt,1/1/2025
0.005643254014649434,aApOX,1/1/2025
0.0027627997294033756,Iefnw,1/1/2025
0.9985808683637939,Qxosq,1/1/2025
6.985387025573912e-05,FENIK,1/1/2025
0.295631180508547,HBchG,1/1/2025
0.9915811635636237,QSuxX,1/1/2025
0.9964775861706916,blfbq,1/1/2025
0.0027464510952344037,yJzAP,1/1/2025
0.006808310645215943,DLjTh,1/1/2025
0.9991679498913261,yYmEr,1/1/2025
0.9578981887057127,kZyfK,1/1/2025
0.006485330494539471,LmvUJ,1/1/2025
0.5096389363335925,bGOwG,1/1/2025
0.9986664967687089,HlGzW,1/1/2025
0.9968458567760207,UlODH,1/1/2025
0.9797706174159803,CKOrK,1/1/2025
0.013914346718158974,YuKcg,1/1/2025
0.024351988363784882,BZUMq,1/1/2025
0.9949404659173142,nwkHn,1/1/2025
0.0005695827971470123,uHjiw,1/1/2025
0.9998872652114081,EkZkS,1/1/2025
9.003978578093104e-05,xmTZX,1/1/2025
0.00015684256710921235,jWGrx,1/1/2025
0.0008264461496209118,mmmaI,1/1/2025
0.007996091741900918,uCyQD,1/1/2025
0.0022240625153988627,BNYtR,1/1/2025
0.0015398047848361358,FHRvI,1/1/2025
0.9984885415985562,iTtWm,1/1/2025
0.9934352498926765,drwCc,1/1/2025
0.6981854474576273,DUzDK,1/1/2025
0.877668967343867,NCmkx,1/1/2025
0.0012442257495041053,TErsY,1/1/2025
0.9998236249106374,AnKlA,1/1/2025
0.002318155768771772,MDxoJ,1/1/2025
0.9970698637213711,RRiSS,1/1/2025
0.003402534858205271,EGtHL,1/1/2025
0.9996425372712241,sQxsZ,1/1/2025
0.00021846685459063196,TUoVm,1/1/2025
0.9996327671974973,utePf,1/1/2025
0.0004348208537858347,DhyrD,1/1/2025
0.0005351680351520879,LfTZq,1/1/2025
0.9998543113562023,gSEed,1/1/2025
0.9366480091803053,oJGQG,1/1/2025
0.005218045812993282,SaUwc,1/1/2025
0.9988089672227343,ypiXR,1/1/2025
0.000978953324955051,tvZYv,1/1/2025
0.999900410913222,ButTo,1/1/2025
0.9979875483206275,gLKXL,1/1/2025
0.010943013886516428,hmvUu,1/1/2025
0.9189658834918051,LfVNP,1/1/2025
0.9993276674316908,dLNWu,1/1/2025
0.0023007489887071552,RAljn,1/1/2025
0.9933449901413899,hJmlF,1/1/2025
0.05125034652372669,cWlyo,1/1/2025
0.014535960335996127,KFeYi,1/1/2025
0.0019025642603052698,APdHy,1/1/2025
0.9962307318234717,TDBAn,1/1/2025
0.9879035797461795,ZnbJS,1/1/2025
0.07337741688724561,bfoDQ,1/1/2025
0.017047756745489057,NkEZs,1/1/2025
0.024373701920071225,gAyou,1/1/2025
0.9253086288554522,VgMaW,1/1/2025
0.7196298502452099,zNpPQ,1/1/2025
0.9993330509990213,ziHuz,1/1/2025
0.0008292024042200484,Keuuk,1/1/2025
0.060409341358865234,RGjWm,1/1/2025
0.007393197099110367,GiSLY,1/1/2025
0.9934907222504001,ASrdR,1/1/2025
0.9967738592330567,llkhE,1/1/2025
0.9878683673243455,tiGdm,1/1/2025
0.000625186716487451,qWNAl,1/1/2025
0.9994082935508366,AJeqC,1/1/2025
0.0967069071902486,DbpKj,1/1/2025
5.0606653829462485e-05,wNTfU,1/1/2025
0.0615077148738615,rtvUz,1/1/2025
0.28151630160389884,vfqmL,1/1/2025
0.6024637798060339,fxQpQ,1/1/2025
0.9981831299999461,Kkyvi,1/1/2025
0.005841404095354893,suMQs,1/1/2025
0.00016251244856863137,pXNJw,1/1/2025
0.999228320043937,FfKbe,1/1/2025
0.0011620378141769252,hcbPr,1/1/2025
0.012811609899198039,jJaFP,1/1/2025
0.9965052181754237,sPZsM,1/1/2025
0.9998897208025248,NdjxZ,1/1/2025
0.9998929143734102,akFjL,1/1/2025
0.9992289686997541,WXhZa,1/1/2025
0.955955418734128,MSCuI,1/1/2025
0.6222749251636158,JrpKJ,1/1/2025
0.996076572270407,OAVKp,1/1/2025
0.00041219365569188034,TlxqP,1/1/2025
0.94390137547411,sHAtt,1/1/2025
0.950183781248648,oCqWD,1/1/2025
0.9892498588713324,OhkzE,1/1/2025
0.9984119882868387,FVxel,1/1/2025
0.0022358399706046478,bZvqO,1/1/2025
0.9990586479500068,hevwN,1/1/2025
0.9985920050197934,ZbeLe,1/1/2025
0.00036926286636807513,TWnnm,1/1/2025
0.7038846245349865,SGAOu,1/1/2025
0.9986674260314273,UJxdU,1/1/2025
0.012017841499473964,wDZsw,1/1/2025
0.00013452075564985663,wKyHx,1/1/2025
0.8231247171219752,CAVfk,1/1/2025
0.24663761514979293,whKKL,1/1/2025
0.9987921896801326,xcpLo,1/1/2025
0.5923509866911058,TNZbs,1/1/2025
0.015705372241063217,TJlzw,1/1/2025
0.999248537898792,MtlEM,1/1/2025
0.9912967345243947,lMnIN,1/1/2025
0.00021112564741422664,rrcIo,1/1/2025
0.9988785611207008,UcCOn,1/1/2025
0.0001583617271747512,UwQDH,1/1/2025
0.003665864154524731,JrAkt,1/1/2025
0.0002699767593978745,KWOjF,1/1/2025
0.8661619248042026,BcsEX,1/1/2025
0.4758614092753941,WoAIP,1/1/2025
0.998298665573001,rmYgq,1/1/2025
0.9979857203363187,syeGT,1/1/2025
0.00016626618716718378,zXoKT,1/1/2025
0.0007255029202558627,OHeBL,1/1/2025
0.003726014602964595,cwOHE,1/1/2025
0.8706367006482426,QUThz,1/1/2025
0.9947340829102779,ojzuF,1/1/2025
0.993208105255222,WXTfp,1/1/2025
0.9957237024173632,lTdLQ,1/1/2025
0.0009248715771210653,XRfbM,1/1/2025
0.00023681271896261103,dslxN,1/1/2025
